rank,uri,artist_names,track_name,source,peak_rank,previous_rank,days_on_chart,streams
1,"spotify:track:7K3BhSpAxZBznislvUMVtn","Morgan Wallen","Last Night","Big Loud Records / Mercury Records / Republic Records",1,1,73,"1801636"
2,"spotify:track:7aRCf5cLOFN1U7kvtChY1G","Drake","Search & Rescue","OVO/Republic Records",1,2,7,"1515162"
3,"spotify:track:1Qrg8KqiBpW07V7PNxwwwL","SZA","Kill Bill","Top Dawg Entertainment/RCA Records",1,3,126,"1412326"
4,"spotify:track:3dnP0JxCgygwQH9Gm7q7nb","Eslabon Armado, Peso Pluma","Ella Baila Sola","DEL Records",4,4,28,"1404326"
5,"spotify:track:6AQbmUe0Qwf5PZnt4HmTXv","PinkPantheress, Ice Spice","Boy's a liar Pt. 2","Warner Records",1,5,69,"1242896"
6,"spotify:track:5BmB3OaQyYXCqRyN8iR2Yi","NLE Choppa","SLUT ME OUT","Warner Records",6,6,65,"992179"
7,"spotify:track:4DHcnVTT87F0zZhRPYmZ3B","Miley Cyrus","Flowers","Columbia",1,7,91,"947513"
8,"spotify:track:2UW7JaomAMuX9pZrjVpHAU","Yng Lvcas, Peso Pluma","La Bebe - Remix","WM Mexico",8,8,22,"906832"
9,"spotify:track:5W4kiM2cUYBJXKRudNyxjW","Morgan Wallen","You Proof","Big Loud Records / Mercury Records / Republic Records",7,9,336,"833741"
10,"spotify:track:7FbrGaHYVDmfr7KoLIZnQ7","FIFTY FIFTY","Cupid - Twin Ver.","WM Korea",10,13,32,"787840"
11,"spotify:track:1Lo0QY9cvc8sUB2vnIOxDT","Luke Combs","Fast Car","River House Artists/Columbia Nashville",9,14,21,"786868"
12,"spotify:track:2dHHgzDwk4BJdRwy9uXhTO","Metro Boomin, The Weeknd, 21 Savage","Creepin' (with The Weeknd & 21 Savage)","Republic Records",1,10,133,"783095"
13,"spotify:track:2mpoNBkngUEwnaKoBhZ0vl","Peso Pluma, Natanael Cano","PRC","Prajin Parlay Inc dba Prajin Records / Rancho Humilde / Los CT",13,17,77,"761023"
14,"spotify:track:410ZZP746AQeiywhKvXWCo","Tyler, The Creator","SORRY NOT SORRY","Columbia",5,11,14,"751181"
15,"spotify:track:0V3wPSX9ygBnCm8psDIegu","Taylor Swift","Anti-Hero","Taylor Swift",1,12,175,"743366"
16,"spotify:track:0vjeOZ3Ft5jvAi9SBFJm1j","Metro Boomin, Future, Chris Brown","Superhero (Heroes & Villains) [with Future & Chris Brown]","Republic Records",1,15,133,"734000"
17,"spotify:track:1lRtH4FszTrwwlK5gTSbXO","Natanael Cano, Peso Pluma, Gabito Ballesteros","AMG","WEA Latina",17,20,90,"718693"
18,"spotify:track:0PAcdVzhPO4gq1Iym9ESnK","Morgan Wallen","Thinkin’ Bout Me","Big Loud Records / Mercury Records / Republic Records",7,18,42,"710288"
19,"spotify:track:6OfOzTitafSnsaunQLuNFw","Tyler, The Creator","DOGTOOTH","Columbia",2,16,18,"707929"
20,"spotify:track:3WMj8moIAXJhHsyLaqIIHI","Zach Bryan","Something in the Orange","Warner Records",4,19,357,"691931"
21,"spotify:track:7KA4W4McWYRpgf0fWsJZWB","Tyler, The Creator, Kali Uchis","See You Again (feat. Kali Uchis)","Columbia",21,30,671,"685518"
22,"spotify:track:68Dni7IE4VyPkTOH9mRWHr","J. Cole","No Role Modelz","Roc Nation Records LLC",7,24,1947,"681958"
23,"spotify:track:4FyesJzVpA39hbYvcseO2d","Lil Uzi Vert","Just Wanna Rock","Generation Now/Atlantic",4,21,179,"680808"
24,"spotify:track:1rXq0uoV4KTgRN64jXzIxo","Morgan Wallen","One Thing At A Time","Big Loud Records / Mercury Records / Republic Records",5,27,123,"672747"
25,"spotify:track:5odlY52u43F5BjByhxg7wg","JVKE","golden hour","JVKE",7,22,234,"671956"
26,"spotify:track:2LBqCSwhJGcFQeTHMVGwy3","The Weeknd","Die For You","Universal Republic Records",7,26,752,"658995"
27,"spotify:track:1bDbXMyjaUIooNwFE9wn0N","Drake, 21 Savage","Rich Flex","OVO / Republic Records",1,25,161,"658132"
28,"spotify:track:4Dvkj6JhhA12EX05fT7y2e","Harry Styles","As It Was","Columbia",1,23,379,"655603"
29,"spotify:track:0JXXNGljqupsJaZsgSbMZV","Miguel","Sure Thing","Jive",8,28,192,"648956"
30,"spotify:track:3cBsEDNhFI9E82vPj3kvi3","Morgan Wallen","Wasted On You","Big Loud / Republic",1,33,793,"629306"
31,"spotify:track:4k6Uh1HXdhtusDW5y8Gbvy","Steve Lacy","Bad Habit","L-M Records/RCA Records",1,29,289,"628184"
32,"spotify:track:4iZ4pt7kvcaH6Yo8UoZ4s2","SZA","Snooze","Top Dawg Entertainment/RCA Records",9,34,126,"612637"
33,"spotify:track:0FA4wrjDJvJTTU8AepZTup","Lil Uzi Vert, sped up nightcore, ARIZONATEARS","Watch This - ARIZONATEARS Pluggnb Remix","sped up nightcore",8,31,62,"610136"
34,"spotify:track:0DWdj2oZMBFSzRsi2Cvfzf","KAROL G, Shakira","TQG","UMLE - Latino",5,32,49,"605306"
35,"spotify:track:4686eQ81DEswHa90bcdlC9","Bailey Zimmerman","Rock and A Hard Place","Warner Music Nashville/Elektra",22,36,307,"602033"
36,"spotify:track:3ll9PUsB2KIliRoyGEUwFz","Jack Black","Peaches (from The Super Mario Bros. Movie)","Back Lot Music",35,35,5,"600807"
37,"spotify:track:0WtM2NBVQNNJLh6scP13H8","Rema, Selena Gomez","Calm Down (with Selena Gomez)","Mavin Records / Jonzing World",25,37,208,"596543"
38,"spotify:track:5wG3HvLhF6Y5KTGlK0IW3J","Metro Boomin, Travis Scott, Young Thug","Trance (with Travis Scott & Young Thug)","Republic Records",15,39,84,"585062"
39,"spotify:track:5jQI2r1RdgtuT8S3iG8zFC","Taylor Swift","Lavender Haze","Taylor Swift",2,40,174,"580928"
40,"spotify:track:2VzCjpKvPB1l1tqLndtAQa","Peso Pluma","Por las Noches","El Cártel de Los Ángeles",40,45,36,"577870"
41,"spotify:track:4W4fNrZYkobj539TOWsLO2","The Weeknd, Ariana Grande","Die For You (with Ariana Grande) - Remix","XO / Republic Records",2,38,49,"572829"
42,"spotify:track:6UN73IYd0hZxLi8wFPMQij","Coi Leray","Players","Uptown / Republic Records",20,41,91,"568341"
43,"spotify:track:1xK59OXxi2TAAAbmZK0kBL","d4vd","Romantic Homicide","Darkroom/Interscope Records",2,43,255,"565574"
44,"spotify:track:1SRw5p2lVAi7RGlHEmZg66","Toosii","Favorite Song","South Coast Music Group/Capitol Records",37,42,49,"563679"
45,"spotify:track:609E1JCInJncactoMmkDon","ROSALÍA, Rauw Alejandro","BESO","Columbia Records/Duars Entertainment/Sony Music Latin",29,47,21,"542495"
46,"spotify:track:1BxfuPKGuaTgP7aM0Bbdwr","Taylor Swift","Cruel Summer","Taylor Swift",3,48,154,"538791"
47,"spotify:track:4P9Q0GojKVXpRTJCaL3kyy","Taylor Swift","All Of The Girls You Loved Before","Taylor Swift",1,44,28,"535989"
48,"spotify:track:2L9N0zZnd37dwF0clgxMGI","Lizzy McAlpine","ceilings","Harbour Artists & Music",14,46,86,"529762"
49,"spotify:track:3F5CgOj3wFlRv51JsHbxhe","Drake, 21 Savage","Jimmy Cooks (feat. 21 Savage)","OVO",1,50,301,"523253"
50,"spotify:track:1haJsMtoBhHfvuM7XWuT3W","Junior H, Peso Pluma","El Azul","WEA Latina",50,53,21,"522582"
51,"spotify:track:3vcLw8QA3yCOkrj9oLSZNs","Kanii, PR1ISVX","I Know - PR1SVX Edit","Masked Records/Warner Records",50,51,8,"510450"
52,"spotify:track:2NbsBSshscKIPRG3kwBbfo","Labrinth","Never Felt So Alone","Columbia",47,49,7,"510267"
53,"spotify:track:03fs6oV5JAlbytRYf3371S","Morgan Wallen","Everything I Love","Big Loud Records / Mercury Records / Republic Records",5,55,70,"501886"
54,"spotify:track:2GAhgAjOhEmItWLfgisyOn","SZA","Low","Top Dawg Entertainment/RCA Records",4,59,126,"501011"
55,"spotify:track:2YVlDlk2zRceefo6XlC6DX","Morgan Wallen","Ain’t That Some","Big Loud Records / Mercury Records / Republic Records",5,54,42,"496588"
56,"spotify:track:5m0yZ33oOy0yYBtdTXuxQe","Lil Baby","Low Down","Quality Control/Motown Records",48,52,22,"493878"
57,"spotify:track:3kf0WdFOalKWBkCCLJo4mA","Chino Pacas","El Gordo Trae El Mando","STREET MOB",54,56,56,"493829"
58,"spotify:track:4fYte8ZvTK14NEhAOZocBi","OneRepublic","I Ain't Worried","Interscope Records",6,61,312,"489493"
59,"spotify:track:78Sw5GDo6AlGwTwanjXbGh","d4vd","Here With Me","Darkroom/Interscope Records",17,57,177,"489254"
60,"spotify:track:0JmnkIqdlnUzPaf8sqBRs3","Kali Uchis","Moonlight","Geffen Records",38,60,49,"479131"
61,"spotify:track:3Qu3Zh4WTKhP9GEXo0aDnb","Morgan Wallen","Thought You Should Know","Big Loud Records / Mercury Records / Republic Records",14,62,336,"473923"
62,"spotify:track:2QjOHCTQ1Jl3zawyYOpxh6","The Neighbourhood","Sweater Weather","Columbia",12,64,963,"470817"
63,"spotify:track:2HbKqm4o0w5wEeEFXm2sD4","Kendrick Lamar, Jay Rock","Money Trees","Aftermath",38,66,827,"469090"
64,"spotify:track:3hxIUxnT27p5WcmjGUXNwx","Hotel Ugly","Shut up My Moms Calling","Hotel Ugly, under exclusive license to Amuseio AB",22,68,220,"466009"
65,"spotify:track:7l6nGz4gp6HGs5Cvmdeqe4","Rod Wave","Fight The Feeling","Alamo",50,63,14,"462848"
66,"spotify:track:3xKsf9qdS1CyvXSMEid6g8","Frank Ocean","Pink + White","Boys Don't Cry",66,67,236,"462237"
67,"spotify:track:48UKTR66uUOT9LaUvooTNx","Luke Combs","The Kind of Love We Make","River House Artists/Columbia Nashville",9,71,299,"460603"
68,"spotify:track:6pcywuOeGGWeOQzdUyti6k","21 Savage, Metro Boomin","Glock In My Lap","Slaughter Gang, LLC/Epic/Boominati Worldwide/Republic",3,69,188,"459924"
69,"spotify:track:3ZEno9fORwMA1HPecdLi0R","NF","HAPPY","NF Real Music II",9,58,7,"456227"
70,"spotify:track:0NZPBYD5qbEWRs3PrGiRkT","Sam Smith, Kim Petras","Unholy (feat. Kim Petras)","Capitol Records UK / EMI",1,70,204,"449437"
71,"spotify:track:4EWCNWgDS8707fNSZ1oaA5","Kanye West","Heartless","Roc-A-Fella",38,79,545,"447850"
72,"spotify:track:6wmKvtSmyTqHNo44OBXVN1","Melanie Martinez","VOID","Atlantic Records",7,65,16,"446943"
73,"spotify:track:3azJifCSqg9fRij2yKIbWz","Tory Lanez","The Color Violet","One Umbrella Records",23,72,225,"446342"
74,"spotify:track:0IKeDy5bT9G0bA7ZixRT4A","Fuerza Regida, Grupo Frontera","Bebe Dame","Rancho Humilde/Street Mob Records",12,73,109,"445913"
75,"spotify:track:3QFInJAm9eyaho5vBzxInN","Baby Keem, Kendrick Lamar","family ties (with Kendrick Lamar)","Columbia",3,74,593,"444396"
76,"spotify:track:5mHdCZtVyb4DcJw8799hZp","RAYE, 070 Shake","Escapism.","Human Re Sources",19,76,130,"440775"
77,"spotify:track:3EaJDYHA0KnX88JvDhL9oa","Steve Lacy","Dark Red","Three Quarter",11,75,619,"440717"
78,"spotify:track:1R0a2iXumgCiFb7HEZ7gUE","Taylor Swift","Don’t Blame Me","Big Machine Records, LLC",59,77,254,"439530"
79,"spotify:track:6foY66mWZN0pSRjZ408c00","Morgan Wallen","Whiskey Glasses","Big Loud Records",33,83,1430,"431874"
80,"spotify:track:2ZL7WZcjuYKi1KUDtp4kCC","Drake, 21 Savage","Spin Bout U","OVO / Republic Records",5,78,159,"429194"
81,"spotify:track:7EAMXbLcL0qXmciM5SwMh2","Mac DeMarco","Heart To Heart","Mac’s Record Label",26,81,118,"427043"
82,"spotify:track:6Sq7ltF9Qa7SNFBsV5Cogx","Bad Bunny, Chencho Corleone","Me Porto Bonito","Rimas Entertainment LLC",2,84,343,"425665"
83,"spotify:track:59nOXPmaKlBfGMDeOVGrIK","Future, Drake, Tems","WAIT FOR U (feat. Drake & Tems)","Epic/Freebandz",2,82,349,"422678"
84,"spotify:track:6KXKcH4QO1MiGrMQOGoADP","Superstar Pride","PAINTING PICTURES","Superstar Pride under exclusive license to UnitedMasters LLC",7,80,52,"415911"
85,"spotify:track:6dBUzqjtbnIa1TwYbyw5CM","TV Girl","Lovers Rock","TV Girl",75,85,164,"411696"
86,"spotify:track:7fveJ3pk1eSfxBdVkzdXZ0","Morgan Wallen, ERNEST","Cowgirls (feat. ERNEST)","Big Loud Records / Mercury Records / Republic Records",28,89,42,"408216"
87,"spotify:track:4tqcoej1zPvwePZCzuAjJd","J. Cole","Wet Dreamz","Roc Nation Records LLC",63,90,533,"407655"
88,"spotify:track:4uUG5RXrOk84mYEfFvj3cK","David Guetta, Bebe Rexha","I'm Good (Blue)","Parlophone UK",8,88,230,"405364"
89,"spotify:track:5MwynWK9s4hlyKHqhkNn4A","Morgan Wallen","Chasin' You","Big Loud Records",47,86,790,"404745"
90,"spotify:track:5BbdKBZO0TH0GhfxUfyhL9","Lil Baby","Freestyle","Quality Control Music (Caroline)",39,92,301,"404243"
91,"spotify:track:7KokYm8cMIXCsGVmUvKtqf","Taylor Swift","Karma","Taylor Swift",4,94,141,"402079"
92,"spotify:track:58ge6dfP91o9oXMzq3XkIS","Arctic Monkeys","505","Domino/Warner Records",13,93,798,"401605"
93,"spotify:track:73zawW1ttszLRgT9By826D","Morgan Wallen, Eric Church","Man Made A Bar (feat. Eric Church)","Big Loud Records / Mercury Records / Republic Records",8,97,42,"398055"
94,"spotify:track:7phmBo7bB9I9YifAXqnlqV","Morgan Wallen","I Wrote The Book","Big Loud Records / Mercury Records / Republic Records",6,95,73,"397170"
95,"spotify:track:0UbesRsX2TtiCeamOIVEkp","Fuerza Regida, Natanael Cano","Ch y la Pizza","Rancho Humilde/Street Mob Records",64,99,31,"395811"
96,"spotify:track:4R2kfaDFhslZEMJqAFNpdd","Taylor Swift","cardigan","Taylor Swift",1,96,190,"390737"
97,"spotify:track:7MXVkk9YMctZqd1Srtv4MB","The Weeknd, Daft Punk","Starboy","Universal Republic Records",3,101,791,"387522"
98,"spotify:track:1Y3LN4zO1Edc2EluIoSPJN","Stephen Sanchez, Em Beihold","Until I Found You (with Em Beihold) - Em Beihold Version","Republic Records",12,91,129,"386435"
99,"spotify:track:1u8c2t2Cy7UBoG4ArRcF5g","Taylor Swift","Blank Space","Big Machine Records, LLC",83,103,62,"385979"
100,"spotify:track:02MWAaffLxlfxAUY7c5dvx","Glass Animals","Heat Waves","Polydor Records",1,102,869,"385951"
101,"spotify:track:52ChYmfu792MW2Ezv0whpk","Luke Combs","5 Leaf Clover","River House Artists/Columbia Nashville",19,98,28,"382059"
102,"spotify:track:0ofHAoxe9vBkTCp2UQIavz","Fleetwood Mac","Dreams - 2004 Remaster","Rhino/Warner Records",6,106,851,"381446"
103,"spotify:track:6dgUya35uo964z7GZXM07g","Sabrina Carpenter","Nonsense","Island Records",6,100,94,"380750"
104,"spotify:track:2wSTnntOPRi7aQneobFtU4","SZA","Shirt","Top Dawg Entertainment/RCA Records",8,109,168,"378193"
105,"spotify:track:1IHWl5LamUGEuP4ozKQSXZ","Bad Bunny","Tití Me Preguntó","Rimas Entertainment LLC",3,114,343,"377816"
106,"spotify:track:3rWDp9tBPQR9z6U5YyRSK4","Taylor Swift","Midnight Rain","Taylor Swift",3,105,157,"376075"
107,"spotify:track:0ug5NqcwcFR2xrfTkc7k8e","Taylor Swift","Style","Big Machine Records, LLC",102,108,38,"375063"
108,"spotify:track:4PMqSO5qyjpvzhlLI5GnID","SZA","Good Days","Top Dawg Entertainment/RCA Records",1,113,710,"374330"
109,"spotify:track:5RcxRGvmYai7kpFSfxe5GY","Becky G, Peso Pluma","Chanel","Kemosabe Records/RCA Records",109,119,6,"373709"
110,"spotify:track:5gDWsRxpJ2lZAffh5p7K0w","The Weeknd, Lana Del Rey","Stargirl Interlude","Universal Republic Records",42,104,288,"373574"
111,"spotify:track:0rVJ6v23RQozOIvr1YotJP","Bakar","Hell N Back","Black Butter",107,107,30,"370669"
112,"spotify:track:5UWwZ5lm5PKu6eKsHAGxOk","Foo Fighters","Everlong","RCA Records Label",36,110,244,"370184"
113,"spotify:track:5OELUCYgOHKFAvCERnAvfS","Morgan Wallen","More Than My Hometown","Big Loud / Republic",18,123,759,"366805"
114,"spotify:track:5TRPicyLGbAF2LGBFbHGvO","Kanye West, Dwele","Flashing Lights","Roc-A-Fella",48,124,444,"364606"
115,"spotify:track:0O6u0VJ46W86TxN9wgyqDj","Post Malone, Doja Cat","I Like You (A Happier Song) (with Doja Cat)","Mercury Records/Republic Records",2,111,314,"364150"
116,"spotify:track:7H0ya83CMmgFcOhw0UB6ow","Beach House","Space Song","Sub Pop Records",46,112,655,"356220"
117,"spotify:track:4nrPB8O7Y7wsOCJdgXkthe","Bizarrap, Shakira","Shakira: Bzrp Music Sessions, Vol. 53","DALE PLAY Records",5,117,92,"355277"
118,"spotify:track:7FET9gtiECWn7llt0sfvtU","NF, Cordae","CAREFUL","NF Real Music II",29,169,7,"352677"
119,"spotify:track:0yUaLqhsVsguBpoOPL4cO7","Ice Spice","In Ha Mood","10K Projects/Capitol Records",32,118,81,"349997"
120,"spotify:track:6vN77lE9LK6HP2DewaN6HZ","Lil Baby, Drake","Yes Indeed","Quality Control Music, LLC",2,132,1076,"347913"
121,"spotify:track:39sDitIeCMrVX2QyXHY46t","TV Girl","Blue Hair","TV Girl",118,121,29,"347377"
122,"spotify:track:3qoftcUZaUOncvIYjFSPdE","Taylor Swift","Bejeweled","Taylor Swift",8,128,139,"346954"
123,"spotify:track:2Hh3ETdQKrmSI3QS0hme7g","Metro Boomin, Future, Don Toliver","Too Many Nights (feat. Don Toliver & with Future)","Republic Records",6,122,133,"346390"
124,"spotify:track:5XeFesFbtLpXzIVDNQP22n","Arctic Monkeys","I Wanna Be Yours","Domino Recording Co",53,125,211,"345299"
125,"spotify:track:0PB0O24JqAuNdOAFVJljMS","Eladio Carrion, Bad Bunny","Coco Chanel","Rimas Entertainment LLC",51,126,28,"344133"
126,"spotify:track:0RiRZpuVRbi7oqRdSMwhQY","Post Malone, Swae Lee","Sunflower - Spider-Man: Into the Spider-Verse","Republic Records",1,138,1611,"343626"
127,"spotify:track:0EgLxY52mpGsXETyEsgVlP","NF","HOPE","NF Real Music II",8,115,36,"343335"
128,"spotify:track:78QR3Wp35dqAhFEc2qAGjE","Lil Baby, Gunna","Drip Too Hard (Lil Baby & Gunna)","Quality Control Music/Young Stoner Life Records, a 300 Entertainment Label/Motown Records/Capitol Records",1,140,1582,"342946"
129,"spotify:track:52NGJPcLUzQq5w7uv4e5gf","Don Toliver, Justin Bieber, Future","Private Landing (feat. Justin Bieber & Future)","Cactus Jack / Atlantic",21,120,49,"342842"
130,"spotify:track:4RvWPyQ5RL0ao9LPZeSouE","Tears For Fears","Everybody Wants To Rule The World","UMC (Universal Music Catalogue)",44,133,294,"342099"
131,"spotify:track:6TBzRwnX2oYd8aOrOuyK1p","Oscar Maydon, Junior H","Fin de Semana","Rancho Humilde",74,127,84,"341501"
132,"spotify:track:4FAKtPVycI4DxoOHC01YqD","Yandel, Feid","Yandel 150","La Leyenda LLC",74,137,78,"341018"
133,"spotify:track:2JvzF1RMd7lE3KmFlsyZD8","J. Cole","MIDDLE CHILD","Dreamville, Inc., Under exclusive license to Roc Nation Records",1,151,1208,"339697"
134,"spotify:track:3oZ6dlSfCE9gZ55MGPJctc","Morgan Wallen","’98 Braves","Big Loud Records / Mercury Records / Republic Records",12,135,42,"338843"
135,"spotify:track:2kYevr8cbIAH2ha8210Bnz","Luke Combs","Love You Anyway","River House Artists/Columbia Nashville",5,131,63,"338760"
136,"spotify:track:3FU6urUVsgXa6RBuV2PdRk","Diplo, Morgan Wallen","Heartless (feat. Morgan Wallen)","Columbia",53,142,461,"338568"
137,"spotify:track:0JtgoDDf0ggWaoXCGhcOoT","Morgan Wallen","Sunrise","Big Loud Records / Mercury Records / Republic Records",18,134,42,"338563"
138,"spotify:track:3AVrVz5rK8Hrqo9YGiVGN5","Cigarettes After Sex","Apocalypse","PTKF",42,130,276,"338321"
139,"spotify:track:4KW1lqgSr8TKrvBII0Brf8","Kanye West","Father Stretch My Hands Pt. 1","Rock The World/IDJ/Kanye LP7",89,149,388,"338262"
140,"spotify:track:6IyoLWzljeR3ldQo4KWHT6","Yeat","Out thë way","Field Trip Recordings/Geffen Records",46,129,126,"336991"
141,"spotify:track:577YBGuskWkVDCxZrLRB4v","Lil Baby","Pure Cocaine","Quality Control Music/Motown Records/Capitol Records",21,136,352,"334531"
142,"spotify:track:7FAFkQQZFeNwOFzTrSDFIh","Mac Miller","The Spins","Rostrum Records",54,146,683,"333161"
143,"spotify:track:3sqrvkNC6IPTIXvvbx9Arw","Taylor Swift","Enchanted","Big Machine Records, LLC",8,144,84,"331922"
144,"spotify:track:3GZD6HmiNUhxXYf8Gch723","Frank Ocean","Lost","Red Zone Entertainment / IDJ",10,156,315,"329303"
145,"spotify:track:2qOm7ukLyHUXWyR4ZWLwxA","Ice Cube","It Was A Good Day","Priority Records",91,155,302,"329139"
146,"spotify:track:7KXjTSCq5nL1LoYtL7XAwS","Kendrick Lamar","HUMBLE.","Aftermath",1,152,1258,"327936"
147,"spotify:track:3sNVsP50132BTNlImLx70i","Kanye West","Bound 2","Rock The World/IDJ/Kanye/LP6",20,154,466,"327675"
148,"spotify:track:65FftemJ1DbbZ45DUfHJXE","NewJeans","OMG","ADOR",27,139,102,"327419"
149,"spotify:track:5FkoSXiJPKTNyYgALRJFhD","Baby Keem","ORANGE SODA","Baby Keem LLC",52,145,319,"327394"
150,"spotify:track:003vvx7Niy0yvhvHt4a68B","The Killers","Mr. Brightside","Island Records",35,148,968,"325860"
151,"spotify:track:3pXF1nA74528Edde4of9CC","Bryson Tiller","Don't","TrapSoul/RCA Records",77,150,612,"325404"
152,"spotify:track:6Um358vY92UBv5DloTRX9L","Carin Leon, Grupo Frontera","Que Vuelvas","BorderKid Records/Sony Music Latin",26,159,108,"323488"
153,"spotify:track:40gk32E7YaTFoQwDIWv2SY","Roar","Christmas Kids","Felt Forest Records",48,147,31,"323452"
154,"spotify:track:5mCPDVBb16L4XQwDdbRUpz","Drake","Passionfruit","Cash Money Records/Young Money Ent./Universal Rec.",1,165,635,"323430"
155,"spotify:track:3fqwjXwUGN6vbzIwvyFMhx","Chris Stapleton","Tennessee Whiskey","Mercury Nashville",55,160,671,"322043"
156,"spotify:track:6K4t31amVTZDgR3sKmwUJJ","Tame Impala","The Less I Know The Better","Universal Music Australia Pty. Ltd.",103,178,893,"322007"
157,"spotify:track:1qEmFfgcLObUfQm0j1W2CK","Harry Styles","Late Night Talking","Columbia",2,141,325,"321909"
158,"spotify:track:5TXDeTFVRVY7Cvt0Dw4vWW","XXXTENTACION","Revenge","Bad Vibes Forever / EMPIRE",16,164,518,"321383"
159,"spotify:track:0u8rZGtXJrLtiSe34FPjGG","Jimin","Like Crazy (English Version)","BIGHIT MUSIC",6,87,19,"320939"
160,"spotify:track:7dR09k1an5JEq7ch0Y5hvV","Chino Pacas, Fuerza Regida","Dijeron Que No La Iba Lograr","IGA",83,153,28,"320451"
161,"spotify:track:4obHzpwGrjoTuZh2DItEMZ","Morgan Wallen","7 Summers","Big Loud / Republic",3,190,390,"320298"
162,"spotify:track:5fEB6ZmVkg63GZg9qO86jh","PARTYNEXTDOOR","Break from Toronto","OVO Sound",100,158,116,"319311"
163,"spotify:track:2BcMwX1MPV6ZHP4tUT9uq6","Drake, 21 Savage, Project Pat","Knife Talk (with 21 Savage ft. Project Pat)","OVO",2,161,575,"319085"
164,"spotify:track:7sO5G9EABYOXQKNPNiE9NR","Offset, Metro Boomin","Ric Flair Drip (with Metro Boomin)","Slaughter Gang, LLC/Epic/Quality Control Music/Motown/Capitol/Boominati Worldwide/Republic",4,162,1167,"318449"
165,"spotify:track:6PGoSes0D9eUDeeAafB2As","Kendrick Lamar, Zacari","LOVE. FEAT. ZACARI.","Aftermath",5,168,916,"318224"
166,"spotify:track:6IZvVAP7VPPnsGX6bvgkqg","Kendrick Lamar","PRIDE.","Aftermath",8,176,156,"317957"
167,"spotify:track:2Dct3GykKZ58hpWRFfe2Qd","Zach Bryan","Heading South","Warner Records",61,179,159,"316825"
168,"spotify:track:08XHGvYxioT9gMP6TPuaLR","Russ","NASTY - Extended Version","DIEMON",116,116,8,"315551"
169,"spotify:track:6PkxSIt2TYLMFa8ybyngVP","Hozier","Eat Your Young","Columbia",6,143,28,"315257"
170,"spotify:track:40iJIUlhi6renaREYGeIDS","Drake, Travis Scott","Fair Trade (with Travis Scott)","OVO",2,170,306,"312964"
171,"spotify:track:7fBv7CLKzipRk6EC6TWHOB","The Weeknd","The Hills","Universal Republic Records",7,173,780,"312251"
172,"spotify:track:1dGr1c8CrMLDpV6mPbImSI","Taylor Swift","Lover","Taylor Swift",1,167,152,"310451"
173,"spotify:track:7yq4Qj7cqayVTp3FF9CWbm","Vance Joy","Riptide","Atlantic Records",80,172,178,"310183"
174,"spotify:track:2IlT65thKQQw248mhk2PjQ","Brent Faiyaz","JACKIE BROWN","Lost Kids LLC., Marketed by Venice / Stem",44,166,38,"309163"
175,"spotify:track:4Li2WHPkuyCdtmokzW2007","JAY-Z, Kanye West","Ni**as In Paris","Roc Nation/RocAFella/IDJ",97,191,401,"308895"
176,"spotify:track:5SWnsxjhdcEDc7LJjq9UHk","21 Savage, Metro Boomin","Runnin","Slaughter Gang, LLC/Epic/Boominati Worldwide/Republic",1,183,229,"307716"
177,"spotify:track:5Eax0qFko2dh7Rl2lYs3bx","Bad Bunny","Efecto","Rimas Entertainment LLC",9,187,341,"307303"
178,"spotify:track:69AIpwGNLxr4qS1X5ynx60","Jordan Davis, Luke Bryan","Buy Dirt","MCA Nashville",58,186,469,"307194"
179,"spotify:track:2IRZnDFmlqMuOrYOLnZZyc","Meek Mill, Drake","Going Bad (feat. Drake)","MMG/Atlantic",2,175,641,"306184"
180,"spotify:track:0VjIjW4GlUZAMYd2vXMi3b","The Weeknd","Blinding Lights","Republic Records",1,180,1206,"305384"
181,"spotify:track:1xzi1Jcr7mEi9K2RfzLOqS","Beyoncé","CUFF IT","Parkwood Entertainment/Columbia",6,184,257,"304922"
182,"spotify:track:17js0w8GTkTUFGFM6PYvBd","Fuerza Regida, Peso Pluma","Igualito a Mi Apá","Rancho Humilde/Street Mob Records",182,192,5,"304173"
183,"spotify:track:1qMMYpVatbRITKCfq1gasi","Future","PUFFIN ON ZOOTIEZ","Epic/Freebandz",4,182,322,"303518"
184,"spotify:track:4vVjPTApwXZwB2H3mBq3ml","Quavo, Takeoff","HOTEL LOBBY (Unc & Phew)","Quality Control Music/Motown Records",41,197,261,"301940"
185,"spotify:track:567e29TDzLwZwfDuEpGTwo","The Kid LAROI, Justin Bieber","STAY (with Justin Bieber)","Columbia",1,171,637,"301745"
186,"spotify:track:19SwuhO0bMiAcg2kyJydmj","Melanie Martinez","THE CONTORTIONIST","Atlantic Records",49,163,14,"299966"
187,"spotify:track:5VKG8ary0JW6iKemhmznzS","Marshmello, Polo G, Southside","Grown Man","Joytime Collective/Columbia",92,157,12,"299919"
188,"spotify:track:5UNMyX2AzF8X90wAYAxG6Q","Lainey Wilson","Heart Like A Truck","Broken Bow Records",120,189,43,"299510"
189,"spotify:track:1mMLMZYXkMueg65jRRWG1l","Luke Combs","When It Rains It Pours","River House Artists/Columbia Nashville",84,-1,572,"299384"
190,"spotify:track:3Ua0m0YmEjrMi9XErKcNiR","Jimin","Like Crazy","BIGHIT MUSIC",5,-1,19,"299313"
191,"spotify:track:1N8TTK1Uoy7UvQNUazfUt5","ThxSoMch","SPIT IN MY FACE!","Elektra (NEK)",29,181,162,"299125"
192,"spotify:track:50a8bKqlwDEqeiEknrzkTO","21 Savage","ball w/o you","Slaughter Gang, LLC/Epic Records",34,-1,131,"297760"
193,"spotify:track:2XHzzp1j4IfTNp1FTn7YFg","Lil Wayne, Drake, Future","Love Me","CM/Republic",171,194,26,"297430"
194,"spotify:track:0uxSUdBrJy9Un0EYoBowng","Lil Uzi Vert","20 Min","Generation Now/Atlantic",45,195,1098,"296183"
195,"spotify:track:2wAJTrFhCnQyNSD3oUgTZO","J. Cole","Work Out","Roc Nation LLC",96,-1,360,"296053"
196,"spotify:track:4ZYAU4A2YBtlNdqOUtc7T2","Nicki Minaj","Red Ruby Da Sleeze","Republic Records",34,177,42,"295356"
197,"spotify:track:3XgGQ1wjo5khvq2UImjyNF","Brent Faiyaz","ALL MINE","Lost Kids LLC., Marketed by Venice / Stem",7,193,247,"294828"
198,"spotify:track:0wXuerDYiBnERgIpbb3JBR","Childish Gambino","Redbone","Glassnote Entertainment Group LLC",8,196,1119,"291222"
199,"spotify:track:4D7BCuvgdJlYvlX5WlN54t","Taylor Swift","You're On Your Own, Kid","Taylor Swift",5,200,122,"290995"
200,"spotify:track:5gVCfYmQRPy1QJifP8f5gg","Bailey Zimmerman","Fall In Love","Warner Music Nashville/Elektra",51,-1,180,"290535"
