Brand,BatteryLife
Apple AirPods,265
Samsung Galaxy Buds Pro,290
Samsung Galaxy Buds Pro,289
Apple AirPods,298
Samsung Galaxy Buds Pro,255
Apple AirPods,284
Samsung Galaxy Buds Pro,289
Apple AirPods,292
Apple AirPods,272
Apple AirPods,281
Apple AirPods,257
Samsung Galaxy Buds Pro,270
Apple AirPods,271
Samsung Galaxy Buds Pro,270
Samsung Galaxy Buds Pro,277
Apple AirPods,276
Samsung Galaxy Buds Pro,253
Apple AirPods,264
Apple AirPods,272
Samsung Galaxy Buds Pro,289
Samsung Galaxy Buds Pro,297
Samsung Galaxy Buds Pro,276
Samsung Galaxy Buds Pro,259
Apple AirPods,264
Samsung Galaxy Buds Pro,296
Samsung Galaxy Buds Pro,253
Samsung Galaxy Buds Pro,267
Samsung Galaxy Buds Pro,271
Samsung Galaxy Buds Pro,274
Apple AirPods,303
Apple AirPods,296
Apple AirPods,240
Apple AirPods,267
Apple AirPods,268
Samsung Galaxy Buds Pro,287
Apple AirPods,276
Apple AirPods,255
Apple AirPods,267
Samsung Galaxy Buds Pro,283
Samsung Galaxy Buds Pro,280
Samsung Galaxy Buds Pro,296
Apple AirPods,272
Apple AirPods,258
Samsung Galaxy Buds Pro,277
Samsung Galaxy Buds Pro,274
Apple AirPods,284
Apple AirPods,292
Samsung Galaxy Buds Pro,255
Apple AirPods,291
Samsung Galaxy Buds Pro,264
Samsung Galaxy Buds Pro,262
Samsung Galaxy Buds Pro,281
Samsung Galaxy Buds Pro,275
Samsung Galaxy Buds Pro,294
Apple AirPods,270
Samsung Galaxy Buds Pro,302
Samsung Galaxy Buds Pro,291
Samsung Galaxy Buds Pro,303
Apple AirPods,288
Samsung Galaxy Buds Pro,269
Apple AirPods,275
Samsung Galaxy Buds Pro,280
Apple AirPods,275
Samsung Galaxy Buds Pro,327
Apple AirPods,266
Apple AirPods,248
Apple AirPods,231
Samsung Galaxy Buds Pro,279
Samsung Galaxy Buds Pro,279
Apple AirPods,256
Apple AirPods,288
Apple AirPods,292
Apple AirPods,279
Samsung Galaxy Buds Pro,263
Samsung Galaxy Buds Pro,310
Apple AirPods,304
Samsung Galaxy Buds Pro,295
Apple AirPods,282
Apple AirPods,274
Apple AirPods,276
